Category,Shelter Name,Current Occupants,Maximum Capacity,Age Requirement / Target Group,Description,Location / Address,Phone Number / Contact
Homeless & Transitional Shelters,Transit Point @ Spooner (New Hope Community Services),21,52,Adults aged 21 and above (Male),"Provides temporary shelter, casework, and transitional support for homeless single adult men in Singapore.","Spooner Road, Singapore (Managed by New Hope Community Services, HQ: 815 Silat Ave, #01-64, Singapore 160081)",+65 6325 3939 / 1800-222-0000 (ComCare)
Homeless & Transitional Shelters,Transit Point @ Margaret Drive (New Hope Community Services),29,62,Adults aged 21 and above,Transitional shelter offering temporary accommodation and social worker assistance to displaced individuals.,"3 Margaret Drive, Singapore 149296",+65 6325 3939
Homeless & Transitional Shelters,Shelter for Families in Crisis (New Hope CS),29,47,Families (Parents aged 21+ with minor children),Temporary housing and casework support for families experiencing sudden homelessness while awaiting long-term housing.,"Confidential Location (Administrative HQ: 815 Silat Ave, #01-64, Singapore 160081)",+65 6325 3939
Homeless & Transitional Shelters,Catholic Welfare Services (Sanctuary House),42,99,Adults aged 21 and above / Families,Provides temporary shelter and social support for vulnerable individuals and families facing severe housing disruption.,"55 Waterloo Street, #06-01 Catholic Centre, Singapore 187954",+65 6337 2754
Homeless & Transitional Shelters,Crisis Centre (Singapore),34,84,Adults aged 18 to 65,"Independent shelter dedicated to providing temporary shelter, food, and transitional support to homeless individuals.","1 Sentul Crescent, Singapore 828654 (Outreach Office)",+65 6747 7790
Crisis Shelters (Domestic Violence & Women),Star Shelter (SCWO),12,30,Women of all ages & dependent children (Boys up to 12 years old),"Safe, confidential refuge providing accommodation, counseling, legal aid, and rehabilitation for women and children fleeing domestic violence.","SCWO Centre: 96 Waterloo Street, Singapore 187967",+65 6571 0192 / +65 6837 0611
Crisis Shelters (Domestic Violence & Women),Casa Raudha Ltd,33,59,Women aged 18 and above & dependent children,"Crisis shelter providing temporary sanctuary, emotional empowerment, and practical assistance for women and children suffering from abuse or crisis.","26 New Upper Changi Rd, #01-666, Singapore 462026)",+65 8963 0887 (Helpline) / +65 6717 0100
Crisis Shelters (Domestic Violence & Women),Good Shepherd Centre,19,33,Women of all ages & dependent children,"Residential shelter providing refuge, crisis support, and healing programs for victims of family violence, human trafficking, and women in crisis.",Good Shepherd Sisters Administrative Office,+65 6011 0177 / +65 6567 0700
Senior Sheltered Homes,AWWA Senior Community Home,106,199,Seniors aged 60 and above,"Provides independent residential shelter, social activities, and healthcare monitoring for needy seniors with no family support.","123 Ang Mo Kio Ave 6, #02-4035, Singapore 560123",+65 6511 6686
Senior Sheltered Homes,Geylang East Home for the Aged,102,174,Seniors aged 60 and above,"Sheltered home offering affordable residential accommodation, nutritious meals, and holistic care to mobile destitute elderly persons.","Blk 103 Aljunied Crescent, #01-381, Singapore 380103",+65 6744 4821
Senior Sheltered Homes,Henderson Senior Citizens' Home,39,61,Seniors aged 60 and above,"Sheltered residence for lower-income, single elderly persons who are physically independent but lack housing or family support.","Blk 117 Henderson Road, #01-100, Singapore 150117",+65 6273 1403
Senior Sheltered Homes,Lions Home for the Elders (Bishan Branch),62,100,Seniors aged 60 and above,Comprehensive care facility providing sheltered and nursing accommodation for vulnerable aged individuals.,"9 Bishan Street 13, Singapore 579799",+65 6252 9900
Senior Sheltered Homes,St. Vincent Home,71,147,Seniors aged 60 and above,"Sheltered residential home providing long-term lodging, community care, and social activities for low-income seniors.","49 Waterloo Street, Singapore 187944",+65 6338 6806
Destitute & Welfare Homes,Acacia Home,81,115,Adults / Seniors aged 60+ (Admitted via MSF under Destitute Persons Act),"Statutory welfare home managed for destitute elderly persons who lack family or means of support, admitted via MSF.","30 Woodlands Industrial Park E1, Singapore 757741",+65 6363 2603
Destitute & Welfare Homes,Pelangi Village (Angsana / Banyan / Jenaris Homes),63,146,Adults aged 18+ / Seniors (Admitted via MSF under Destitute Persons Act),Purpose-built welfare village housing multiple statutory destitute homes catering to individuals requiring care under the Destitute Persons Act.,"Buangkok Green, Singapore 539747",1800-222-0000 (MSF ComCare Referral)
Destitute & Welfare Homes,MWS Christalite Methodist Home,67,157,Adults / Seniors aged 50+ (Admitted via MSF under Destitute Persons Act),"Sheltered destitute welfare home giving physical protection, holistic rehabilitation, and nursing care to destitute seniors and individuals.","51 Marsiling Drive, Singapore 739237",+65 6368 5161
Youth Shelters & Children's Homes,Gracehaven (The Salvation Army),49,84,Children and youths aged 6 to 18 years old,"Residential home providing protection, care, and rehabilitation for children and youth at risk or facing care and protection issues.","3 Lorong Napiri, Singapore 547528",+65 6555 0155
Youth Shelters & Children's Homes,Sunbeam Place (Singapore Children's Society),28,45,Children and youths aged 0 to 21 years old,Residential care home providing safe refuge and trauma-informed counseling for children and youths who require protection due to abuse or neglect.,"28 West Coast Rise, Singapore 127473",+65 6761 1200
Youth Shelters & Children's Homes,Epworth Children's Home,47,108,Children and youths aged 4 to 18 years old,"Provides residential care and emotional healing for children aged 4 to 18 who have faced trauma, abuse, or severe family disruption.","100 Bukit Batok West Ave 5, Singapore 659080",+65 6562 2294
Youth Shelters & Children's Homes,HCSA Dayspring Residential Treatment Centre,37,88,Teenage girls aged 12 to 18 years old,Therapeutic shelter offering specialized residential treatment for teenage girls who have experienced complex trauma and abuse.,"Confidential Location (HCSA Community Services, 1 Thomson Road, Singapore 300001)",+65 6326 0300
Halfway Houses & Reintegration,HCSA Highpoint Halfway House,57,87,Adult male ex-offenders (18 and above),"Residential shelter and halfway house supporting male ex-offenders with shelter, addiction recovery, and job placement.","1 Thomson Road, Singapore 300001",+65 6326 0300
Halfway Houses & Reintegration,Pertapis Halfway House,56,96,Adult male ex-offenders / individuals in recovery (18 and above),Rehabilitative residential home supporting ex-offenders and individuals recovering from substance addiction.,"1 Lorong 37 Geylang, Singapore 387902",+65 6745 1173
Halfway Houses & Reintegration,The New Charis Mission Halfway House,24,58,Adult male ex-offenders / individuals in recovery (18 and above),"Residential halfway house providing holistic rehabilitation, mentoring, and life skills for ex-offenders.","35 Kaki Bukit Place, Eunos Techpark, Singapore 416213",+65 6842 2162
Homeless & Transitional Shelters,Blessing in Disguise S3P @ YCKC (Yio Chu Kang Chapel),12,19,Adults aged 18 and above,"Night shelter (Safe Sound Sleeping Place) offering overnight rest, basic facilities, and social support for rough sleepers.","242 Yio Chu Kang Road, Singapore 545671",+65 6787 2577 (Blessing Community Services) / 1800-222-0000
Homeless & Transitional Shelters,S3P @ GLCC (Gospel Light Christian Centre),9,14,Adults aged 18 and above,Overnight night shelter providing a safe sleeping place and befriending services for homeless individuals.,"39 Punggol Field Walk, Singapore 828753",+65 6386 6702
Homeless & Transitional Shelters,S3P @ Space79 / Grace Methodist Church,7,15,Adults aged 18 and above,Community-based night shelter operated under the MSF PEERS network for rough sleepers needing overnight refuge.,"79 Kampong Bahru Road, Singapore 169377",+65 6223 9868
Homeless & Transitional Shelters,CWS S3P @ Thomson Road (MSF HQ),15,26,Adults aged 18 and above,Night shelter run by Catholic Welfare Services at MSF HQ providing overnight rest and social casework connection for rough sleepers.,"512A Thomson Road, Singapore 298137",+65 6337 2754 (Catholic Welfare Services)
Homeless & Transitional Shelters,SowCare S3P / Transient Shelter (Bible Society of SG),10,23,Adults aged 18 and above,Emergency transient shelter and overnight rest facility for rough sleepers operated by SowCare.,"7 Armenian Street, Bible House, Singapore 179932",+65 6337 3222
Senior Sheltered Homes,Adventist Home for the Elders,70,150,Seniors aged 60 and above,"Sheltered residential home offering subsidized care, daily accommodation, and support for low-income independent seniors.","183 MacPherson Road, Singapore 348540",+65 6748 6180
Senior Sheltered Homes,Kheng Chiu Loke Tin Kee Home,79,128,Seniors aged 60 and above,"Sheltered residential home for destitute and single elderly, providing food, accommodation, and social welfare support.","70 Tampines Avenue 4, Singapore 529681",+65 6786 3227
Senior Sheltered Homes,Jamiyah Home for the Aged (Darul Takrim),46,78,Seniors aged 60 and above,"Sheltered and residential care home providing holistic care, spiritual support, and lodging for destitute or lonely seniors.","1 Tampines Avenue 3, Singapore 529705",+65 6786 8200
Senior Sheltered Homes,Apex Harmony Lodge,58,103,Seniors aged 60 and above (Dementia care focus),"Purpose-built residential sheltered/care home for seniors, specializing in therapeutic care and accommodation for persons with dementia.","10 Pasir Ris Walk, Singapore 518240",+65 6585 2265
Senior Sheltered Homes,Ling Kwang Home for Senior Citizens,55,122,Seniors aged 60 and above,Provides sheltered residential accommodation and nursing care services for needy and frail elderly individuals.,"156 Serangoon Garden Way, Singapore 556055",+65 6287 5468
Youth Shelters & Children's Homes,Canossian Children and Community Residence (CCCR),42,88,Children and youths aged 6 to 18 years old,Residential care shelter supporting children and youths who require temporary alternative care away from unstable family backgrounds.,"1 Sallim Road, Singapore 387621",+65 6748 5777
Youth Shelters & Children's Homes,Chen Su Lan Methodist Children's Home,42,68,Children and youths aged 0 to 18 years old,"Residential shelter providing care, protection, and therapy for children and youth from needy or distressed families.","228 Somerset Road, Singapore 238190 / 203 Serangoon Garden Way, Singapore 556059",+65 6713 9150
Youth Shelters & Children's Homes,Melrose Home (Children's Aid Society),22,47,Children and youths aged 4 to 18 years old,"Provides a safe sanctuary, psychological support, and residential care for children and youths who are abuse or neglect survivors.","55 Clementi Road, Singapore 129786",+65 6732 1840
Halfway Houses & Reintegration,HEB-Ashram Halfway House,35,54,Adult male ex-offenders (18 and above),"A halfway house managed by the Hindu Endowments Board providing rehabilitation, residential shelter, and employment guidance for ex-offenders.","2 Sembawang Walk, Singapore 757717",+65 6759 9314
Halfway Houses & Reintegration,Jamiyah Halfway House (Darul Islah),49,101,Adult male ex-offenders / individuals in recovery (18 and above),"Residential rehabilitation shelter offering counseling, religious guidance, and skills training to recovering substance ex-offenders.","35 Pasir Panjang Road, Singapore 118501",+65 6474 2011
Halfway Houses & Reintegration,Teen Challenge (Singapore) - Solar House,53,77,Adult males in addiction recovery (18 and above),"Residential rehabilitation shelter for men in recovery from drug, alcohol, or lifestyle addictions.","3 Pasir Panjang Road, Singapore 118483",+65 6793 7933
Homeless & Transitional Shelters,Allkin Singapore Transitional Shelters (2 Facilities),30,65,Adults aged 21 and above / Families,"MSF-appointed transitional shelter providing temporary accommodation, social work, and housing casework for homeless families and individuals.","Confidential Locations (HQ: Blk 532 Ang Mo Kio Ave 10, #01-2495, Singapore 560532)",+65 6451 4880
Homeless & Transitional Shelters,Transit Point @ Yio Chu Kang (New Hope CS),40,76,Adults aged 21 and above (Male),"Transitional shelter offering temporary accommodation, job placement, and housing caseworker support for homeless single men.","Yio Chu Kang, Singapore (Managed by New Hope Community Services)",+65 6325 3939
Homeless & Transitional Shelters,Transit Point @ Jalan Kukoh (New Hope CS),32,74,Adults aged 21 and above,MSF-supported transitional shelter facility providing short-term accommodation for rough sleepers and displaced individuals.,"Jalan Kukoh, Singapore",+65 6325 3939
Homeless & Transitional Shelters,S3P @ BPMC (Bukit Panjang Methodist Church),7,16,Adults aged 18 and above,Community night shelter operated under MSF PEERS network offering overnight shelter and befriending support.,"496 Upper Bukit Timah Road, Singapore 678099",+65 6769 1118
Crisis Shelters (Domestic Violence & Women),H.O.M.E. Women's Crisis Shelter,47,98,Adult female migrant domestic workers (18+),"Safe house and crisis refuge for female migrant domestic workers fleeing abuse, exploitation, or labor disputes.","Confidential Location (H.O.M.E. Office: 30 Lorong 23 Geylang, #06-02, Singapore 388365)",+65 6341 5282 / +65 9295 2333
Destitute & Welfare Homes,Bukit Batok Home for the Aged (4S Managed),112,209,Seniors aged 60+ (Admitted via MSF under Destitute Persons Act),Statutory destitute welfare home managed for MSF catering to destitute elderly under the Destitute Persons Act.,"11 Bukit Batok West Ave 2, Singapore 659205",+65 6665 2818
Destitute & Welfare Homes,Tembusu Home @ Pelangi Village (4S Managed),110,209,"Adults / Seniors aged 18+ (Male, via MSF)",Statutory destitute home for male destitute persons admitted under MSF authority.,"2 Buangkok Green, Singapore 539749",+65 6386 3865
Destitute & Welfare Homes,Thuja Home @ Pelangi Village (4S Managed),83,116,"Adults / Seniors aged 18+ (Female, via MSF)",Statutory destitute home for female destitute persons admitted under MSF authority.,"4 Buangkok Green, Singapore 539750",+65 6385 4001
Senior Sheltered Homes,SASCO @ Hong San Sheltered Home,53,95,Seniors aged 60 and above,Residential sheltered facility dedicated to supporting needy and frail seniors aged 60+ who face financial or family difficulties.,"30 Hong San Terrace, Singapore 688246",+65 6273 5183
Senior Sheltered Homes,Bo Tien Home for the Aged,53,83,Seniors aged 60 and above,"Sheltered home providing accommodation, care, and basic amenities to single, elderly individuals without family support.","6 Boon Lay Avenue, Singapore 649962",+65 6265 8233
Disability & Special Needs Residential Homes / Hostels,Bishan Home for the Intellectually Disabled,42,94,Adults aged 16 to 60 with intellectual disabilities,"Adult Disability Home (ADH) providing 24/7 long-term residential care, daily living skills training, and medical support.","6 Bishan Street 13, Singapore 579793",+65 6353 3513
Disability & Special Needs Residential Homes / Hostels,MINDS Idea Employment Development Centre & Hostel,65,100,Adults aged 18 and above with intellectual/developmental disabilities,Adult Disability Hostel providing semi-independent residential accommodation alongside vocational training and social support.,"29 Boon Lay Way, Singapore 609957",+65 6268 1812
Disability & Special Needs Residential Homes / Hostels,Sunlove Home (Buangkok),79,134,Adults & Seniors (Intellectual disability / psychiatric conditions),"Long-term residential care facility offering 24/7 nursing, rehabilitation, and assisted living care for vulnerable individuals with intellectual or mental disabilities.","7 Buangkok View, Buangkok Green Medical Park, Singapore 534190",+65 6387 1121
Disability & Special Needs Residential Homes / Hostels,SPD Sheltered Workshop & Supported Living Services,67,129,Adults aged 18 to 60 with physical or sensory disabilities,Community-based supported living and day/residential placement support for persons with physical disabilities.,"2 Peng Nguan Street, SPD Ability Centre, Singapore 168955",+65 6580 4100
Disability & Special Needs Residential Homes / Hostels,Red Cross Home for the Disabled (RCHD),79,139,Children and adults with severe multiple physical & intellectual disabilities,Residential care facility offering 24/7 specialized nursing and medical care for persons with severe and profound disabilities.,"1 Cedar Avenue, Singapore 349692",+65 6262 4312
Disability & Special Needs Residential Homes / Hostels,Cheshire Home (Singapore Cheshire Home),101,150,Adults with permanent physical disabilities lacking family care,"Residential sheltered home providing long-term lodging, nursing care, and rehabilitative activities for severely disabled adults.","159 Serangoon Garden Way, Singapore 556056",+65 6284 0966
Disability & Special Needs Residential Homes / Hostels,THK Home for Disabled @ Eunos,50,81,Adults aged 16 to 60 with intellectual and developmental disabilities,"Adult Disability Home (ADH) offering long-term residential lodging, behavioral management, and daily living skills training.","Blk 3 Eunos Crescent, #01-2595, Singapore 400003",+65 6745 6116
Disability & Special Needs Residential Homes / Hostels,Metta Home for the Disabled,58,94,Adults aged 18 to 55 with intellectual and physical disabilities,"Residential disability home offering long-term lodging, respite care, and individual training programs to foster self-reliance.","2 Tampines Street 31, Singapore 529280",+65 6788 5918
Disability & Special Needs Residential Homes / Hostels,Enabled Living Programme (ELP) @ Bedok (AWWA),14,23,"Adults aged 35 to 64 with Physical Disability, Hearing Loss, or Visual Impairment","Community-supported living in public rental flats offering on-site daily living coaching, care coordination, and social support.","Bedok, Singapore (Managed by AWWA)",elb@awwa.org.sg / 1800-8585-885 (SG Enable)
Disability & Special Needs Residential Homes / Hostels,Enabled Living Programme (ELP) @ Bukit Merah (MINDS),10,25,Adults aged 35 to 64 with Intellectual Disability or Autism,Community-supported rental housing with tailored independent living skills training and regular social check-ins.,"Bukit Merah, Singapore (Managed by MINDS)",mv@minds.org.sg / 1800-8585-885 (SG Enable)
Disability & Special Needs Residential Homes / Hostels,MyHaven @ Jurong West - ELP (TOUCH Community Services),12,28,Adults aged 35 to 64 with Intellectual Disability or Autism,"Integrated supported living rental flat cluster providing independent living coaching, basic home repair, and local community integration.","Blk 967B Jurong West St 93, Singapore 642967",ELP.Jurong@touch.org.sg / 1800-8585-885 (SG Enable)
Disability & Special Needs Residential Homes / Hostels,Flourish for Life Homes @ Ang Mo Kio - ELP (Autism Resource Centre),10,15,Adults aged 35 to 64 with Autism Spectrum Disorder (ASD),Supported rental housing ecosystem tailored for adults with autism to live independently with light-touch care and social coaching.,"Ang Mo Kio, Singapore (Managed by ARC)",residential@autism.org.sg / 1800-8585-885 (SG Enable)
Disability & Special Needs Residential Homes / Hostels,The LIGHT House @ Woodlands - ELP (St. Andrew's Autism Centre),16,23,Adults aged 35 to 64 with Intellectual Disability or Autism,Supported living cluster enabling autistic adults and persons with ID to live in shared rental units with community case support.,"Woodlands, Singapore (Managed by SAAC)",enquiries_elp@saac.org.sg / 1800-8585-885 (SG Enable)
Disability & Special Needs Residential Homes / Hostels,TOUCH Ubi Hostel (TUH),80,177,Adults with intellectual disabilities (Able to travel and work independently),Residential training hostel inside a housing estate designed to prepare trainees for communal living and independent integration.,"Blk 301 Ubi Ave 1, #01-295, Singapore 400301",+65 6744 2126
Disability & Special Needs Residential Homes / Hostels,THK Home @ Chai Chee,63,93,Adults & older seniors with intellectual disabilities,Long-term Adult Disability Home providing 24/7 care for aging adults with limited family support.,"2 Chai Chee Lane, Singapore 469030",+65 6441 7640
Disability & Special Needs Residential Homes / Hostels,THK Home @ Sembawang,78,118,"Adults with intellectual disabilities, Autism (ASD), and co-morbidities","Residential home and respite facility for adults with autism and intellectual disabilities, including crisis placements.","7 Sembawang Walk, Singapore 756977",+65 6753 5202
Disability & Special Needs Residential Homes / Hostels,THK Home @ Jurong East,85,144,Adults with intellectual disabilities,"Adult Disability Home offering nursing, therapy, and person-centered residential care.","201 Jurong East Ave 1, Singapore 609791",+65 6560 2022
Disability & Special Needs Residential Homes / Hostels,St. Andrew's Adult Home (Compassvale),51,99,Adults aged 18 and above with Autism Spectrum Disorder (ASD),Purpose-built residential care facility and day activity centre catering specifically to adults with autism.,"1 Compassvale Bow, Singapore 544997",+65 6517 3800
Disability & Special Needs Residential Homes / Hostels,Mindsville@Napiri - Home (MINDS),57,100,Children and adults with intellectual and developmental disabilities,"Residential home offering long-term lodging, nursing care, and rehabilitative activities for persons with intellectual disabilities.","7 Lorong Napiri, Singapore 547533",+65 6387 5141
Disability & Special Needs Residential Homes / Hostels,Moral Welfare Home,124,179,Adults with multiple physical & intellectual disabilities (MSF / Destitute Persons Act),Statutory destitute and disability home providing long-term residential and nursing care.,"301 Henderson Road, Singapore 108931",+65 6273 2162
Disability & Special Needs Residential Homes / Hostels,Blue Cross Thong Kheng Home,47,80,Adults and seniors with intellectual or physical disabilities,Sheltered residential home providing long-term care and lodging for lower-income disabled adults.,"1 Pasir Ris Walk, Singapore 518231",+65 6582 3000
